{
  "project_info": {
    "project_number": "106748577352",
    "project_id": "musicly-970b6",
    "storage_bucket": "musicly-970b6.appspot.com"
  },
  "client": [
    {
      "client_info": {
        "mobilesdk_app_id": "1:106748577352:android:88406579ad1155634efa7d",
        "android_client_info": {
          "package_name": "com.example.musifyl"
        }
      },
      "oauth_client": [],
      "api_key": [
        {
          "current_key": "AIzaSyBYZngPpxt85KmAHoAcHlsoLbBhInYl3PM"
        }
      ],
      "services": {
        "appinvite_service": {
          "other_platform_oauth_client": []
        }
      }
    }
  ],
  "configuration_version": "1"
}